text,date,score,Month
The Australian people want the truth.  ğ• is the only one standing up for their rights.,2024-04,0,4
Wow,2024-04,0,4
You are right!,2024-04,0,4
,2024-04,0,4
"the reason why progressive policies are bad is simple:  - if you want more people to do something, make it easier  - if you want less people to do something, make it more difficult  thus, progressive policies incentivize illegal immigration, homelessness, and crime by design",2024-04,0,4
How to sleep on the international space station.,2024-04,1,4
"Tesla has now created over 30,000 manufacturing jobs in California!",2024-04,0,4
Yikes,2024-04,0,4
Yeah,2024-04,0,4
Model 3 is quicker than a Porsche 911,2024-04,0,4
"In the last month, people on X have spent a lot of time watching video â€“ to the tune of 385 million hours! Thatâ€™s 1.4 trillion seconds, 23 billion minutes, or 16 million days worth of video.  Letâ€™s watch what happens when you can stream the world in real-time on X TV!",2024-04,0,4
Here is the FULL interview with Swedish author @johanknorberg on:  Why Sweden is NOT a â€œsocialist paradise.â€  The fake loneliness epidemic.  The crazy push for degrowth.  Why capitalism makes people LESS racist.,2024-04,0,4
Morgan Freeman is awesome,2024-04,0,4
"ğ• is growing ğŸ”¥  â€¢ ğ• has seen a 63% increase in brand likes, 20% increase in brand re-posts and a 14% increase in brand impressions within the last six months  â€¢ Over the past month, users have watched 385 million hours of video, which is equivalent to 1.4 trillion seconds, 23 billion minutes, or 16 million days  â€¢ ğ• has seen a 55% average increase in mobile daily sign-ups within the last six months  â€¢ Video views on ğ• are growing at an average rate of 35% year over year  â€¢ Average time spent on video has increased by 17%  â€¢ Around 10 billion monthly site visits on ğ•",2024-04,0,4
Coming soon to a television near you: X TV ğŸ‘€,2024-04,0,4
,2024-04,0,4
Starship = Hope,2024-04,0,4
"One year since first flight test of Starship.   Each successive launch has gone farther, and with more flights coming soon, we're rapidly building towards a fully reusable future",2024-04,1,4
"The eSafety Commissioner of Australia demanded that ğ• globally withhold certain posts or face a daily fine of $500,000  ğ• is fighting back against these global censorship orders. It's time to support this platform by subscribing to ğ• Premium.",2024-04,0,4
That is exactly the issue.   Should the eSafety Commissar (an unelected official) in Australia have authority over all countries on Earth?,2024-04,0,4
Major milestone,2024-04,0,4
"The notification tab is currently in chronological order only.   Weâ€™re working on a ranking option there, like For you vs Following.",2024-04,0,4
,2024-04,0,4
"A few stats:  - In 2023, our owners avoided approximately 20 million tons of CO2e through use of our products  - The more products we sell, the faster we achieve our missionâ€”hence affordability is key. A Model 3 RWD lease in US now starts at $160/month after probable gas savings  - With FSD Supervised enabled, the chance of an accident is around 5x lower compared to the US average in 2023  - Our Supercharger network was 100% renewable in 2023 (achieved through combination of onsite resources & annual renewable matching)  - To further EV adoption, weâ€™re opening our network to other EVs across the world   - We deployed a total of 14.7GWh of energy storage last year (125% increase compared to 2022)",2024-04,0,4
Tesla is the lowest cost car to maintain,2024-04,0,4
Cool,2024-04,0,4
"Our concern is that if ANY country is allowed to censor content for ALL countries, which is what the Australian â€œeSafety Commissarâ€ is demanding, then what is to stop any country from controlling the entire Internet?  We have already censored the content in question for Australia, pending legal appeal, and it is stored only on servers in the USA.",2024-04,0,4
"Sign up for the 'Advertising on X 101' webinar  Learn how to set up an ad campaign and grow your business with X Ads, directly from an X Ads Specialist.  Wednesday, April 24th at 1:15PM ET  What it will cover: - The power of Xâ€™s audience for businesses - How to set up and optimize your profile and organic content strategy - A step-by-step walkthrough of our campaign setup process - And finally, how to measure the success of your campaigns along with best practices  Register Here: business.x.com/en/campaign/wâ€¦",2024-04,0,4
"With 3,000 newly planted flowers and plants and a widely visible mural, the Giga Berlin team is making a statement for today's Earth Day.",2024-04,0,4
"Donâ€™t take my word for it, just ask the Australian PM!",2024-04,0,4
"Tesla exists to accelerate the worldâ€™s transition to sustainable energy.  Thank you to our owners, employees & advocates for supporting us in our mission!  Happy Earth Day ğŸŒ",2024-04,0,4
Iâ€™d like to take a moment to thank the PM for informing the public that this platform is the only truthful one,2024-04,0,4
,2024-04,0,4
"Celebrating 10 years since the first-ever delivery of Tesla Model S in Chinaâ€”thanks to our 1.7 million Chinese owners, our partners, supporters and industry advocates. Together, let's accelerate the world's transition to sustainable energy! â¤ï¸  ç‰¹æ–¯æ‹‰ä¸­å›½é¦–æ‰¹è½¦ä¸»äº¤ä»˜åå‘¨å¹´  æ„Ÿè°¢170ä¸‡ä¸­å›½è½¦ä¸»ï¼Œæ„Ÿè°¢æ‰€æœ‰æ”¯æŒå’Œå¸®åŠ©è¿‡æˆ‘ä»¬çš„äººï¼Œæ„Ÿè°¢æ‰€æœ‰å…³å¿ƒæ–°èƒ½æºæ±½è½¦è¡Œä¸šå‘å±•çš„äººï¼Œæ„Ÿè°¢åŠ é€Ÿä¸–ç•Œå‘å¯æŒç»­èƒ½æºçš„è½¬å˜çš„åŒè·¯äººï¼â¤ï¸",2024-04,0,4
Time to make crime illegal again,2024-04,0,4
Grok v1.5 can explain memes ğŸ”¥,2024-04,0,4
Subscribing to your favorite accounts on ğ• is the best way to show your love and support.  Please consider subscribing to as many creators as you find interesting on this platform.,2024-04,0,4
Robbery in most of America is out of control,2024-04,0,4
Wow,2024-04,0,4
And this is after Sheetz had to struggle for years with a challenging brand name!,2024-04,0,4
Subscribe to ğ• premium and support free speech.,2024-04,0,4
"Because he is against the will of the people and, therefore, democracy",2024-04,0,4
"Remember Californiaâ€™s #AB5?   It was meant to help freelancers.   Instead, it killed their jobs.   I thought politicians would learn from their terrible policy. But no!  Now Biden is forcing the rest of America to be more like California:",2024-04,0,4
"â€œWithout censorship, Hitler never would have achieved his terrible power, nor would he be able to hold it.â€  â€œA censor tells the newspapers what to publish, so that in this ignorance the citizen will support the government in power.""  September 30, 1938 | The Daily Times",2024-04,0,4
"""To be clear, ğ• is only trying to follow the laws of Brazil without favor or disfavor to any political candidate."" ğŸ‡§ğŸ‡·  ä¸€ Elon Musk",2024-04,1,4
,2024-04,0,4
Forward links to make sure your friends know whatâ€™s really happening,2024-04,0,4
ğ• Developer Challenge Progressâ€”  Loading potential future features powered by our X platform and developers!,2024-04,0,4
A return to reasonableness and due process under Brazilian law is the right thing to do,2024-04,0,4
Trust the experts.,2024-04,0,4
Accurate,2024-04,0,4
ğ• is defending free speech. Consider subscribing to ğ• premium.  ğ• is indispensable,2024-04,0,4
,2024-04,0,4
Shellenberger eloquently describes the severity of the situation in Brazil and the appropriate remedy,2024-04,1,4
The software must have exactly 420 lines of code on this auspicious day,2024-04,0,4
Absolutely disastrous,2024-04,0,4
4/20  First Starship Launch Anniversary Today,2024-04,0,4
Exactly,2024-04,0,4
Legacy media is ideologically aligned with NPR,2024-04,0,4
This is crazy,2024-04,0,4
Yeah,2024-04,0,4
Improvements to Notes,2024-04,0,4
"180MW / 315MWh of Tesla Megapacks at Enfiniteâ€™s 9 sites in Alberta provided historic levels of output this winter. At a time where generation was constrained due to extreme cold conditions and high energy demand, Megapacks provided a critical line of defense, preventing rolling blackouts in the surrounding area",2024-04,1,4
"Great men are called upon by history when they see dangerous times ahead; this is one of those times.  And despite our immense challenges, I am feeling optimistic, as I see friends heed the call.  We have nowhere to run; the United States of America is where we make our stand.",2024-04,0,4
Your subscription is much appreciated.   The days ahead for defending freedom of speech will be tough.,2024-04,0,4
And the gas savings are very real. Thatâ€™s why so many Uber drivers use Tesla!,2024-04,0,4
,2024-04,0,4
Turns out that free speech is actually very expensive,2024-04,0,4
Our current referral program benefits will end after April 30 in all markets,2024-04,0,4
"Almost everywhere on Earth had slavery for thousands of years and some places still do.   The drive to end slavery on a worldwide basis was spearheaded by Britain in the early 1800â€™s.   https://en.m.wikipedia.org/wiki/West_Africa_Squadron#:~:text=Britain%20pressed%20other%20nations%20into,East%2C%20and%20the%20Indian%20Ocean.",2024-04,0,4
"Wow, Bill Maher hits the bullseye ğŸ¯",2024-04,0,4
Same,2024-04,0,4
ğ• is the #1 news app on the App Store in over 160 countries. ğŸ¥‡,2024-04,0,4
"Scotland becomes latest country to join Team Reality, halts puberty blockers for children https://notthebee.com/t8e00 https://notthebee.com/t8e00",2024-04,0,4
Insane,2024-04,0,4
The Australian censorship commissar is demanding *global* content bans!,2024-04,0,4
Another major attack on the First Amendment by this administration,2024-04,0,4
Mad insurance regulation & extremely high litigation costs are the root causes,2024-04,0,4
"In my opinion, TikTok should not be banned in the USA, even though such a ban may benefit the ğ• platform.   Doing so would be contrary to freedom of speech and expression. It is not what America stands for.",2024-04,0,4
The opposition to free speech (under the guise of â€œhate speechâ€) in America by hard left activists is much greater than most people realize,2024-04,1,4
".@elonmusk: ""History is written by the victors. Well, yes, but not if your enemies are still alive and have a lot of time on their hands to edit Wikipedia.""  ğŸ˜‚ğŸ˜‚",2024-04,0,4
Any accounts doing engagement farming will be suspended and traced to source,2024-04,0,4
"We should send rockets not at each other, but rather to the stars",2024-04,0,4
Improved ad performance,2024-04,0,4
,2024-04,0,4
Falcon 9 launches 23 @Starlink satellites to low-Earth orbit from Florida,2024-04,0,4
"ğŸš¨ğŸ‡§ğŸ‡· BRAZILIAN X NEWS OUTLET LATEST CENSORSHIP VICTIM?!  Brazilian Federal Police have reportedly summoned Brazilian news outlet Space Liberdade for a ""crime of opinion"" under the Data Protection Law.  This development, which aligns with recent Twitter Files leaks, paints a troubling picture of systematic attempts to suppress perceived dissent within the country.  ""FEDERAL POLICE - DELEGACY OF HUMAN RIGHTS AND INSTITUTIONAL DEFENSE  NOTICE WARRANT   In compliance with the determination of RENATO PEREIRA DE OLIVEIRA, Delegate of Federal Police, in using the attribution conferred on it by art. 6th of the Process Code.  Criminal, I issue the NOTICE of: to appear at DELINST (Institutional Defense Office), Regional Superintendence of the Federal Police ([REDACTED] - SÃ£o Paulo/SP), on the date and time listed below, to provide clarifications in the interest of the [REDACTED], and must present an identification document with photo.""  Source: @NewsLiberdade, Court Documents",2024-04,2,4
Ignition of the nine first stage Merlin engines and liftoff of Falcon 9!,2024-04,0,4
Itâ€™s a real problem!,2024-04,0,4
Crime is out of control,2024-04,0,4
"Ironically, GDI pushes disinformation and should be shut down, with recriminations for the miscreants",2024-04,1,4
De Moraes absolutely interfered with the Brazil elections,2024-04,1,4
https://nitter.net/i/broadcasts/1BRKjPramzdJw,2024-04,0,4
Improved advertising,2024-04,0,4
ğ• users are reporting that their pinned posts are getting greater reach compared to others.  This is because the ğ• algorithm gives them a slight boost and shows them to all your followers.  I strongly recommend pinning your best content to your profile.,2024-04,0,4
Wow,2024-04,0,4
"The Olympics brings out the best of X, with 89% of conversation globally being positive/neutral.   Your brand should be part of the conversation. Get started: ads.x.com",2024-04,0,4
"If maximizing free speech within the bounds of the law, a traditionally liberal value, is somehow â€œfar rightâ€, then I guess I am ğŸ¤£ğŸ¤£",2024-04,0,4
Every time I hear about GPU FLOPS,2024-04,0,4
"Given the relentless attacks on free speech, I am going to fund a national signature campaign in support of the First Amendment",2024-04,0,4
Highly recommend this book!,2024-04,0,4
"Wow, this is insane",2024-04,0,4
Starlink streams live during a tornado!,2024-04,0,4
"Concerning that less than 1/3 of F-35s, the most advanced US fighter are fully mission capable",2024-04,0,4
This will increasingly be the case,2024-04,0,4
"Imagine a massive celestial bubble made of ice and dust surrounding our Solar System. Thatâ€™s the Oort cloud and this is its scale.  The Oort Cloud lies at the very edges of the Solar system.  Even the farthest ones which are still working, like Voyager 1, Voyager 2 and New Horizons didn't go beyond the cloud.   Long-period comets, taking centuries to orbit the Sun, provide evidence for the existence of the Oort Cloud. Scientists believe this vast region is the birthplace of these cosmic travelers.â ",2024-04,0,4
"Advertising on X 101 Learn how to set up an ad campaign and grow your business with X Ads, directly from an X Ads Specialist.  Wednesday, April 24th at 10:15 AM PT / 1:15PM ET  What it will cover: - The power of Xâ€™s audience for businesses - How to set up and optimize your profile and organic content strategy - A step-by-step walkthrough of our campaign setup process - And finally, how to measure the success of your campaigns along with best practices  Register Now: https://business.x.com/en/campaign/webinars/amer/advertising-on-x-101.html",2024-04,0,4
"NEWS: X will host an â€˜Advertising on X 101â€™ Wednesday, April 24th at 10:15 AM PT / 1:15PM ET Â  Sign up: https://business.x.com/en/campaign/webinars/amer/advertising-on-x-101.html",2024-04,0,4
"Itâ€™s not even summer, but this yearâ€™s Summer Olympics are already lighting up the conversation on X! ğŸ”¥ There have been over 6.9 BILLION impressions on posts about the Olympics so far this year. ğŸ§µ",2024-04,0,4
Now you know part of why it turned into,2024-04,0,4
Wow,2024-04,0,4
Thatâ€™s literally the point of Wikipedia,2024-04,0,4
,2024-04,0,4
The law broke the law,2024-04,0,4
Leftism destroys everything it touches.,2024-04,0,4
This is incredibly messed up,2024-04,0,4
The censorship actions against elected representatives demanded by @alexandre violate Brazilian law,2024-04,0,4
Surely this is illegal?,2024-04,0,4
"Falcon 9 launches from Florida, carrying 23 @Starlink satellites to low-Earth orbit",2024-04,0,4
ğ• is the best place to advertise your brand or business.,2024-04,0,4
Super-powerful AI programmed in this way has severe civilization-level risk,2024-04,0,4
Poder ao povo!,2024-04,0,4
Bring back Vine?,2024-04,0,4
This keeps getting crazier! The head of NPR hates the Constitution of the USA.,2024-04,0,4
"Now imagine if this is programmed, explicitly or implicitly, into super powerful AI â€“ it could end civilization.   Now, no need to imagine. It is already programmed into Google Gemini and OpenAI ChatGPT.",2024-04,0,4
The software running in her head is the anti-Grok â€“ hates truth & humor ğŸ˜‚,2024-04,0,4
"Legacy media simply canâ€™t compete with hundreds of millions of humans providing real-time, AI-assisted, interactive information",2024-04,0,4
"Whoa, I just realized that raising a kid is basically 18 years of prompt engineering ğŸ¤¯",2024-04,0,4
"More than the population of 36 states in just over 3 years!  I am very much in favor of legal immigration, being an immigrant myself, but allowing a flood of millions of unvetted people to enter the United States illegally is insane.",2024-04,0,4
When will this madness stop?,2024-04,0,4
NPR has become a hard left propaganda machine that tolerates no dissent,2024-04,1,4
FSD Supervised continues to improve with every over-the-air software update  Latest version 12.3.4 rolling out now,2024-04,0,4
Interesting series about a potentially good future,2024-04,0,4
"United States laws prevent ğ• from participating in corruption that violates the laws of other countries, which is what @Alexandre is demanding that we do",2024-04,0,4
Interesting,2024-04,0,4
"If youâ€™re experiencing severe neck/back pain, I recommend looking into a disc replacement.   If you do, err on the side of a disc with limited movement. A simple hinge is more likely to be effective than a high mobility artificial disc that can translate, as well as rotate.",2024-04,0,4
,2024-04,0,4
bon appÃ©tit ğŸ˜‹ ğŸ½ï¸,2024-04,0,4
Worth noting that the actual brand safety score is almost perfect,2024-04,0,4
Thanks to the ğ• team for discovering this and @DoubleVerify for responding quickly to correct the error,2024-04,0,4
Greece is one of dozens of countries experiencing population collapse due to low birth rates,2024-04,0,4
Create or join ğ• Communities!,2024-04,0,4
,2024-04,0,4
ğŸ¤”,2024-04,0,4
The refreshing breeze of the Overton window opening,2024-04,0,4
,2024-04,0,4
Always wondered what that chair was for,2024-04,0,4
We can't stop AI anymore. Our only path forward is to guide it.,2024-04,0,4
ğŸ˜‚,2024-04,0,4
Join @xAI!,2024-04,0,4
Good deal,2024-04,0,4
Falcon 9 lands on the A Shortfall of Gravitas droneship â€“ completing the first 20th launch and landing of a booster!,2024-04,0,4
"Since its first mission in November 2020, this single first stage has launched eight astronauts and more than 500 satellites, totaling 261+ metric tons to orbit in under four years",2024-04,0,4
20th time the same booster has landed,2024-04,0,4
Grok-1.5 Vision,2024-04,0,4
,2024-04,0,4
"We identified an issue that caused Spaces hosts to get kicked out of the Space they were hosting on iOS. Unable to rejoin, the Space then ended.  We pushed a fix this morning addressing this issue, and it's now available to all iOS users.   Make sure to update your app to 10.36.2 in the App Store, especially if you plan to host or co-host a Space.",2024-04,0,4
"Thank you DoubleVerify for correcting your mistake regarding brand safety on this platform.   When measured accurately, brand safety on ğ• is extremely good.",2024-04,0,4
"Boost your business with ad credit, 2x reach, affiliate badges, and hiring on X Verified Organizations.  https://x.com/i/verified-orgs-signup",2024-03,0,3
"Over 100 million people watch vertical video on X every day. Reach a new audience with Vertical Video Ads, a full-screen, sound-on advertising experience that delivers a 7x higher engagement rate than Home Timeline. Learn more: https://business.x.com/en/products/vertical-video-ads.html",2024-04,0,4
Supervised full self-driving now $99/month,2024-04,0,4
Wow,2024-04,0,4
To an exciting & inspiring future!,2024-04,0,4
Libertad!,2024-04,0,4
And the appeal process is a sham,2024-04,0,4
Tune in to our podcast with @elonmusk! It for sure has created some buzz! https://piped.video/_rQBZ3vKRA0?si=20QQQpSFsuoBtFIN via @YouTube,2024-04,0,4
Facts â€¦,2024-04,0,4
Our advertising relevance has greatly improved,2024-04,0,4
"I strongly recommend all the brands to advertise on ğ•  â€¢ On average, brands see +59% sales contributions (MMM) on ğ•, compared to only +16% on total social media.  â€¢ Users are engaging with the brands more than ever â€“ +63% more likes, +20% reposts, +14% views, and +6% more impressions on average.  ğ• is a brand-friendly place.",2024-04,0,4
Advertise on ğ•,2024-04,0,4
One of the few companies I don't mind getting invoices from.  Advertise on X. Subscribe to X premium. Support defenders of freedom.,2024-04,0,4
"New Model S Plaid Sport Seats  If you know what high-G cornering means, these seats are for you  - Increased lateral support - Modular seat architecture for comfort & support, plus same 12-way power adjust, heating & ventilation - High performance suede for increased grip & reduced weight  â†’ https://www.tesla.com/models/design",2024-04,0,4
Letâ€™s see what the public thinks,2024-04,0,4
"The Model S & X Plaid (meaning, beyond ludicrous speed) are sublime",2024-04,0,4
Community Notes will now show faster,2024-04,0,4
Glad Tesla FSD was there to help and that youâ€™re feeling well!,2024-04,0,4
Congrats SpaceX Team & @SpaceForceDoD on completing 3 orbital Vandenberg launches in 11 days!  Might be a record.,2024-04,0,4
Tyranny,2024-04,0,4
ğŸ˜‚,2024-04,0,4
"""My banking accounts were frozen, all my social media was under censorship and my passport has been cancelled. Just for a bunch of tweets. That's what we have been facing in Brazil."" ğŸ‡§ğŸ‡·  via @MarioNawfal",2024-04,1,4
"The severity of the censorship and the degree to which Brazilâ€™s own laws are being broken, to the detriment of their own people, is the worst of any country in the world in which this platform operates.",2024-04,1,4
Accurate,2024-04,0,4
,2024-04,0,4
True,2024-04,0,4
ğŸ˜±,2024-04,0,4
Your support is much appreciated. Makes a difference.,2024-04,0,4
Interesting,2024-04,0,4
"Shutdown of a Raptor vacuum engine in slow motion. The engineâ€™s nozzle is sized for use by Starship in the Earthâ€™s upper atmosphere and outer space, so operation at sea level and low chamber pressures results in flow separation creating visible rings in the exhaust",2024-04,0,4
Sounds balanced â€¦ ğŸ˜‚,2024-04,0,4
Exactly,2024-04,0,4
We were asked to suspend sitting members of the Brazilian parliament and many journalists,2024-04,0,4
Exactly. Dictator @Alexandre.,2024-04,0,4
"ğ• just received an inquiry from the US House of Representatives regarding actions taken in Brazil that were in violation of Brazilian law.  There were hundreds, if not thousands.  This is getting spicy ğŸŒ¶ï¸",2024-04,1,4
True,2024-04,0,4
ğ• algorithm update coming soon with more bangers and less clickbait!,2024-04,0,4
Exactly,2024-04,0,4
Looking forward to meeting with Prime Minister @NarendraModi in India!,2024-04,0,4
"ğ• respects the laws of Brazil and all countries in which we operate.  When given an order to break the law, we must refuse.",2024-04,1,4
BREAKING: ğ• recorded a 43.4 million increase in unique visitors in March as compared to the previous month with a total of 1.6 billion unique visitors.,2024-04,0,4
"With Starlink, it feels like youâ€™re on the ground, rather than in the air!",2024-04,0,4
Falcon 9 launches 23 @Starlink satellites to low-Earth orbit from Florida,2024-04,0,4
Engines full power and liftoff!,2024-04,0,4
You are most welcome ğŸ™,2024-04,0,4
Brave man,2024-04,0,4
Reliable high-speed internet for space stations in orbit!,2024-04,0,4
Precisely,2024-04,0,4
Quicksilverâš¡ï¸  ğŸ“·å…¬è·¯æ˜ ç”»,2024-04,0,4
Accurate,2024-04,0,4
"O governo brasileiro quer censurar as teorias da conspiraÃ§Ã£o e ainda assim aqui estÃ¡, espalhando teorias da conspiraÃ§Ã£o: ""â€ŠO governo brasileiro suspeita que os ataques de Elon Musk ao ministro Alexandre de Moraes e agora tambÃ©m diretamente ao presidente Lula estÃ£o sendo feitos em cooperativa com deputados bolsonaristas..."" relata a CNN.  A CNN publicou este segmento embora admitisse que â€œAinda nÃ£o temos provas sobre isso, estÃ¡ sendo investigadoâ€.  Boa sorte em encontrar evidÃªncias porque nÃ£o hÃ¡ nenhuma!  Fui convidado hÃ¡ muitos meses para palestrar no FÃ³rum pela Liberdade no Rio Grande do Sul. Antes de chegar, meus colegas jornalistas brasileiros, David Agape e Eli Viera, me pediram para ver se havia algum arquivo do Twitter no Brasil.  Olhei e descobri que havia. O que descobrimos nos chocou: Alexandre de Moraes e outros funcionÃ¡rios do governo ameaÃ§aram processar criminalmente o advogado do Twitter no Brasil se ele nÃ£o entregasse informaÃ§Ãµes *privadas* e *pessoais*, incluindo nÃºmeros de telefone das pessoas e suas mensagens diretas pessoais!  Publiquei os Arquivos do Twitter logo apÃ³s desembarcar em Porto Alegre.  *NinguÃ©m* alÃ©m de David, Eli e mais um colega meu sabia que eu iria publicar o Twitter Files Brasil.  Depois que ficou claro que muitos brasileiros estavam interessados em falar comigo sobre os Arquivos do Twitter, adiei em uma semana meu retorno aos EUA. Depois que decidi fazer isso, o Diputado Federal Marcel Van Hattem cancelou a sua viagem hÃ¡ muito planejada a Bruxelas.  Conheci Van Hattem em Londres no ano passado, numa conferÃªncia, e ele estava no FÃ³rum pela Liberdade, em Porto Alegre. Aceitei com gratidÃ£o a oferta de Van Hattem de ser apresentado a diversas pessoas que ele conhecia no Brasil.  Ã‰ isso. Essa Ã© toda a â€œcoordenaÃ§Ã£oâ€. Se a CNN tivesse feito o seu trabalho, poderia ter aprendido tudo isto comigo antes de publicar a sua â€œdesinformaÃ§Ã£oâ€. Na verdade, a CNN me entrevistou hÃ¡ duas noites e contei aos dois repÃ³rteres como surgiu o Twitter Files â€“ Brasil. Aparentemente, os repÃ³rteres da CNN nÃ£o conversam entre si.  Aparentemente, a CNN tambÃ©m nÃ£o fez o dever de casa com Elon Musk. Com Elon, o que vocÃª vÃª Ã© o que vocÃª obtÃ©m. Ele respondeu publicamente ao Twitter Files Brasil. NÃ£o falamos sobre eles nem nos correspondemos sobre eles. Ele ouviu falar deles no mesmo momento em que o mundo ouviu falar deles.  SerÃ¡ realmente tÃ£o difÃ­cil acreditar que os polÃ­ticos que foram censurados tenham respondido em X a mais provas das exigÃªncias de censura de Moraes? Que idiota.  Estou tentando ser gentil com isso, mas com o segmento abaixo, a CNN nÃ£o estÃ¡ se comportando como uma mÃ­dia de notÃ­cias justa e equilibrada. EstÃ¡ se comportando como um teÃ³rico da conspiraÃ§Ã£o irresponsÃ¡vel, carregando Ã¡gua para o governo Lula.  Pelo menos vocÃª nÃ£o me verÃ¡ exigindo que o governo censure a CNN.",2024-04,1,4
Much appreciated,2024-04,0,4
And fast,2024-04,0,4
"Read this.  NPR veteran describes the transformation of NPR from a news to an activist organization after Trump's election:  ""During most of my tenure [at NPR], an open-minded, curious culture prevailed. We were nerdy, but not knee-jerk, activist, or scolding.  In recent years, however, that has changed. Today, those who listen to NPR or read its coverage online find something different: the distilled worldview of a very small segment of the U.S. population...  Like many unfortunate things, the rise of advocacy took off with Donald Trump. As in many newsrooms, his election in 2016 was greeted at NPR with a mixture of disbelief, anger, and despair... But what began as tough, straightforward coverage of a belligerent, truth-impaired president veered toward efforts to damage or topple Trumpâ€™s presidency [italics mine].  Persistent rumors that the Trump campaign colluded with Russia over the election became the catnip that drove reporting. At NPR, we hitched our wagon to Trumpâ€™s most visible antagonist, Representative Adam Schiff...  The Schiff talking points became the drumbeat of NPR news reports.  But when the Mueller report found no credible evidence of collusion, NPRâ€™s coverage was notably sparse. Russiagate quietly faded from our programming...  Itâ€™s bad to blow a big story.  Whatâ€™s worse is to pretend it never happened, to move on with no mea culpas, no self-reflection...  [Hunter Biden's] laptop was newsworthy. But the timeless journalistic instinct of following a hot story lead was being squelched. During a meeting with colleagues, I listened as one of NPRâ€™s best and most fair-minded journalists said it was good we werenâ€™t following the laptop story because it could help Trump [italics mine]...  Over the course of the pandemic, a number of investigative journalists made compelling, if not conclusive, cases for the lab leak. But at NPR, we werenâ€™t about to swivel or even tiptoe away from the insistence with which we backed the natural origin story...  [Our new director] declared that diversityâ€”on our staff and in our audienceâ€”was the overriding mission... Race and identity became paramount in nearly every aspect of the workplace. Journalists were required to ask everyone we interviewed their race, gender, and ethnicity (among other questions), and had to enter it in a centralized tracking system [italics mine]. We were given unconscious bias training sessions. A growing DEI staff offered regular meetings imploring us to 'start talking about race.'  Thereâ€™s an unspoken consensus about the stories we should pursue and how they should be framed. Itâ€™s frictionlessâ€”one story after another about instances of supposed racism, transphobia, signs of the climate apocalypse, Israel doing something bad, and the dire threat of Republican policies. Itâ€™s almost like an assembly line.  The mindset prevails in choices about language. In a document called NPR Transgender Coverage Guidanceâ€”disseminated by news managementâ€”weâ€™re asked to avoid the term biological sex... The mindset animates bizarre storiesâ€”on how The Beatles and bird names are racially problematic, and others that are alarmingly divisive; justifying looting, with claims that fears about crime are racist; and suggesting that Asian Americans who oppose affirmative action have been manipulated by white conservatives.  More recently, we have approached the Israel-Hamas war and its spillover onto streets and campuses through the intersectional lens that has jumped from the faculty lounge to newsrooms. Oppressor versus oppressed...  I looked at voter registration for our newsroom. In D.C., where NPR is headquartered and many of us live, I found 87 registered Democrats working in editorial positions and zero Republicans. None.""  https://www.thefp.com/p/npr-editor-how-npr-lost-americas-trust",2024-04,2,4
What are the odds? ğŸ˜‚,2024-04,0,4
Tune in to our podcast with @elonmusk and hear his plans for moving mankind to Mars!  https://podcasts.apple.com/no/podcast/in-good-company-with-nicolai-tangen/id1614211565?i=1000651843541,2024-04,0,4
Starlink now available in Albania!,2024-04,0,4
,2024-04,0,4
"The previous Brazilian government recognized @elonmusk's exceptional contributions to Brazil, regarding him as a true and cherished friend of the nation.",2024-04,1,4
"During todayâ€™s solar eclipse, >10 Megapack sites operating in ERCOT helped fill the >1GW energy void, ensuring the grid remained stable during the 4+ minute disruption of solar irradiance to solar sites across Texas",2024-04,0,4
How did @Alexandre de Moraes become the dictator of Brazil? He has Lula on a leash ğŸ˜‚,2024-04,1,4
Great idea ğŸ˜‚,2024-04,0,4
"The law applies to all, including @Alexandre. He should be on trial for his crimes.",2024-04,0,4
View of the eclipse from orbit,2024-04,0,4
,2024-04,0,4
The AI compute growth chart says it all,2024-04,0,4
"â€œContinuÃ¡vamos recebendo essas exigÃªncias do juiz Alexandre para suspender as contas dos parlamentares e dos principais jornalistas. NÃ£o podÃ­amos dizer a eles que isso era a mando do Alexandre, tÃ­nhamos que fingir que era devido Ã s nossas regrasâ€ ğŸ‡§ğŸ‡·  ä¸€ Elon Musk",2024-04,0,4
Was cool to see the eclipse from Austin. ~27 years before it happens here again.,2024-04,0,4
,2024-04,0,4
"ğ• supports the people of Brazil, without regard to political affiliation.   Does Judge @Alexandre?",2024-04,1,4
,2024-04,0,4
"[Scene: @Alexandre & @ElonMusk in psychoanalysis]  I say, â€œTell me, Alexandre, is the disinformation in the room with us now?â€",2024-04,0,4
This is the heart of the problem. What say you @Alexandre?  Let us debate this in the open.,2024-04,0,4
Yes,2024-04,0,4
https://nitter.net/i/spaces/1YqJDgRydwaGV,2024-04,0,4
Accurate,2024-04,0,4
"""I am sticking to my principles!  As for any fake advocacy groups who seek to suppress free speech, they should remember that karma is real.""  â€” Elon Musk",2024-04,0,4
They want to stack the deck,2024-04,0,4
Falcon 9â€™s first stage has landed on Landing Zone 1 â€“ completing the 14th launch and landing for this first stage booster,2024-04,0,4
Using a VPN is very easy,2024-04,0,4
T-1 hour until Falcon 9â€™s launch of the Bandwagon-1 mission from Launch Complex 39A in Florida,2024-04,0,4
"To ensure that you can still access the ğ• platform, download a virtual private network (VPN) app",2024-04,0,4
These are the most draconian demands of any country on Earth!,2024-04,0,4
Well said,2024-04,0,4
More Starlink DTC satellites rolling out,2024-04,0,4
"This is crazy, as it makes fraud impossible to detect",2024-04,0,4
Grok ä¸€ $8 per month (ğ• Premium ğŸ‡ºğŸ‡¸)  ChatGPT-4 ä¸€ $20 per month  Grok is real-time while ChatGPT-4 is outdated.,2024-04,0,4
"Coming shortly, ğ• will publish everything demanded by @Alexandre and how those requests violate Brazilian law.   This judge has brazenly and repeatedly betrayed the constitution and people of Brazil. He should resign or be impeached.  Shame @Alexandre, shame.",2024-04,1,4
SCOOP: Iâ€™m interviewing @elonmusk on Monday! You donâ€™t want to miss this one ğŸš€ https://nitter.net/i/spaces/1YqJDgRydwaGV,2024-04,1,4
"Discussion with head of Norwayâ€™s sovereign fund, @NicolaiTang1 https://nitter.net/i/spaces/1YqJDgRydwaGV",2024-04,0,4
This is all accurate.,2024-04,0,4
Falcon 9 launches 21 @Starlink satellites â€“ including six with Direct to Cell capabilities â€“ to orbit from California following the first successful demo of Direct to Cell texting in early 2024,2024-04,0,4
Edited version,2024-04,0,4
For the people of Earth,2024-04,0,4
This aggressive censorship appears to violate the law & will of the people of Brazil,2024-04,1,4
Why are you doing this @alexandre?,2024-04,0,4
Soon,2024-04,0,4
Update on making life multiplanetary,2024-04,0,4
Best deal in town!,2024-04,0,4
I wrote this 8 years ago  https://www.tesla.com/blog/master-plan-part-deux,2024-04,0,4
Rise & fall of the first civilization  https://podcasts.apple.com/us/podcast/fall-of-civilizations-podcast/id1449884495?i=1000454904678,2024-04,0,4
275th landing of a Falcon 9 rocket complete as the first stage safely lands on the A Shortfall of Gravitas droneship,2024-04,0,4
This needs to stop,2024-04,0,4
Hell on Earth,2024-04,1,4
Getting ready for Flight 4,2024-04,0,4
"We should always judge people as individuals, even if a stereotype is statistically correct, but it is particularly absurd to have a statistically wrong stereotype!",2024-04,2,4
Congrats Tesla AI team!,2024-04,0,4
Too much of the environmentalist movement has morphed into a human extinctionist movement,2024-04,2,4
"Without freedom of speech, we are just a slaves in the matrix",2024-04,0,4
This psy op is doing real numbers!,2024-04,0,4
Tesla Robotaxi unveil on 8/8,2024-04,0,4
"The highest form of kindness and empathy is to defend Truth.  It's Epistemological Kindness, Epistemological Empathy.  If you see the TRUTH being raped and murdered and you walk away pretending that you saw nothing, you are an existential coward.  Professors are tasked with creating and disseminating knowledge; most importantly they are tasked with being dogged defenders of the truth and the means by which to seek the truth (the scientific method).  This is what I do in my public engagement.  Most of the world luckily sees it and appreciates my efforts.  Regrettably some of the people that should see it, are swayed by the enemies of truth.  No worries.  We shall stand tall and with full dignity.  Never waver.  Never be a fence-sitter.  Activate your inner honey badger.",2024-04,0,4
Use the ğŸ” Explore Page to get all the real-time customized news summarized by Grok.,2024-04,0,4
Press the search button ğŸ” to see real-time customized news for you created by Grok AI,2024-04,0,4
Reuters is dying,2024-04,0,4
Yeah,2024-04,0,4
Important improvement,2024-04,0,4
Flight 4 next month,2024-04,0,4
"Coming soon, Grok will offer â€œUnhinged Modeâ€ news ğŸ¤£ğŸ¤£",2024-04,0,4
Bet you didnâ€™t know that this administration is flying hundreds of thousands of illegals into America using your tax dollars â€¦,2024-04,0,4
Daily Show ğŸ™Œ,2024-04,0,4
This is crazy!,2024-04,0,4
Yes,2024-04,0,4
"NEWS: EV sales hit record high in Australia in March, as Tesla Model Y overtakes Toyota Hilux. https://thedriven.io/2024/04/04/ev-sales-hit-record-high-of-10464-in-march-as-tesla-crashes-into-australias-top-6-brands/",2024-04,1,4
This momentum will increase dramatically as we integrate AI-generated news trends & search into ğ•,2024-04,0,4
System purge of bots & trolls underway.   Please reply to me or @XEng if legitimate accounts are suspended.   X Corp will be tracing the people responsible and bringing the full force of the law to bear upon them.,2024-04,0,4
"Did you know that it costs as little as 3 cents per ad click on this platform?  Make sure your ad is interesting and clear, just like a viral post would be and the results will amaze you.",2024-04,0,4
"X is redefining video, one pixel at a time.  Weâ€™ve upgraded our infrastructure and are shipping new updates to improve video.  80% of users consume video on X every day. And almost 70% of all users who watch videos are also scrolling through conversations.",2024-04,0,4
"Iâ€™m cool with adults doing whatever they want, so long as it doesnâ€™t harm others, but kids need to be protected at all costs",2024-04,0,4
ğ• has just released the latest data and numbers:  â€¢ ~3 million calls were made on ğ• in the last month  â€¢ Over 2 million ğ• Spaces were created last month with over 2.4 million hrs of content  â€¢ 6.4 million Spaces created this year  â€¢ Members are spending 495% more time in ğ• Communities  â€¢ Users are spending 118% more time in their DMs  â€¢ 80% of users consume video on ğ• everyday,2024-04,0,4
Community Notes now active on India!,2024-04,0,4
This will be the first commercial space walk!,2024-04,0,4
"ğ• > Instagram, TikTok, Facebook",2024-04,0,4
"ğ•®ğ–”ğ–˜ğ–’ğ–ğ–ˆ ğ•®ğ–ğ–—ğ–”ğ–“ğ–ğ–ˆğ–‘ğ–Šğ–˜ SpaceX Achieves Ambitious Goal: 12 Falcon 9 Missions in a Single Month  In pursuit of its ambitious objective to conduct 150 missions in 2024, SpaceX has reached a significant milestone by completing 12 Falcon 9 missions in a single month. SpaceX closed the month of March with this achievement, which underscores SpaceXâ€™s commitment to pushing the boundaries of space exploration.  SpaceX has been on a trajectory of remarkable growth, surpassing its own records year after year. In 2020 it launched 26 missions, 31 in 2021, and doubled that with 61 missions in 2022. By 2023, the company delivered approximately 80% of all Earth payload mass to orbit with 96 missions completed, outpacing competitors like China and other global players.  The pace of SpaceXâ€™s launches has been accelerating steadily, with the company averaging one launch every four days throughout 2023. This rapid cadence reflects SpaceXâ€™s dedication to innovation & efficiency in space travel.  SpaceX has already completed 32 missions in 2024. The recent accomplishment in March, where SpaceX completed 12 Falcon 9 missions in a single month, demonstrates the companyâ€™s ability to meet & exceed its ambitious goals with a launch rate of one every 2.8 days. â€œFalcon 9 successfully launched our 11th and 12th missions of the month from Florida earlier today,â€ announced the company on March 31. The missions deployed Eutelsat 36D satellite into a geosynchronous transfer orbit from NASA Kennedy Space Centerâ€™s Launch Pad-39A. And approximately â€œ3.5 hours later, Falcon 9 launched 23 Starlink satellites to low-Earth orbit from pad 40, completing our 260th reflight of an orbital class rocket on the seven-year anniversary of first achieving this feat,â€ shared the company.  Key to SpaceXâ€™s success is the reusability of its workhorse Falcon 9 rocket, which enables the company to significantly increase its launch pace while reducing costs. SpaceX has reused multiple boosters in its Falcon 9 fleet 19 times, & engineers are working to qualify Falcon 9 for up to 40 reflights each.  As of now, SpaceX has performed a total of 327 missions, landed orbital-class rockets 291 times, and reused previously-flown Falcon 9 boosters in its fleet 261 times. With each milestone achieved, SpaceX reaffirms its position at the forefront of space exploration, inspiring admiration for its groundbreaking achievements. As the company continues to push boundaries and reach new heights, the future of space exploration looks brighter than ever before.  â”€â”€â”€ ï½¥ ï½¡ï¾Ÿâ˜†: *.â˜½ .* :â˜†ï¾Ÿ. â”€â”€â”€  Author @JaneidyEve  Read more at Cosmic Chronicles: https://cosmicchroniclesnews.com/2024/04/02/spacex-achieves-ambitious-goal-12-falcon-9-missions-in-a-single-month/   Thanks for reading!  Consider Subscribing if you enjoyed the story. â™¡",2024-04,1,4
,2024-04,0,4
That is indeed what Iâ€™ve said many times,2024-04,0,4
Traffic on ğ• reaches all-time high,2024-04,0,4
"While I donâ€™t own any Disney shares today, I would definitely buy their shares if Nelson were elected to the board.   His track record is excellent.",2024-04,0,4
"Nelson Peltz should definitely be on the Disney board!  He would help reform the company, improve the quality of product and generally serve in the best interests of shareholders, as he has done at many other companies.   This would significantly improve Disneyâ€™s share price.",2024-04,0,4
The legacy media is dying,2024-04,0,4
Time spent on ğ• Communities has grown +600% in the past year â€“ with more than double the number of active Communities.,2024-04,0,4
Seriously ğŸ¤¦â€â™‚ï¸,2024-04,0,4
"Accurate ğŸ˜‚  Grok is a lot better, but still work to do",2024-04,0,4
Extremely concerning,2024-04,0,4
"In case you thought government trying to force home sales for â€œasylum seekersâ€ was a myth, this is already happening in Britain! https://www.dailymail.co.uk/news/article-13079637/Our-council-tried-force-sell-200-000-home-make-room-asylum-seekers-Elderly-couples-horror-strongly-worded-letter-lands-doorstep.html",2024-04,0,4
"We live on stolen land.   By â€œweâ€, I mean us mammals.   We stole it from the dinosaurs ğŸ¦– ğŸ˜¢",2024-04,0,4
Canâ€™t wait for Toy Story 5 & two more Moana movies. Yay â€¦,2024-04,0,4
"Falcon 9 launches from pad 4E in California, adding 22 new @Starlink satellites to the constellation",2024-04,0,4
Watch Falcon 9 launch 22 @Starlink satellites to orbit  https://nitter.net/i/broadcasts/1lPKqbyOPOeGb,2024-04,0,4
ğŸ˜‚,2024-04,0,4
"Whoa, this documentary of New York is intense!",2024-04,0,4
Congratulations to @swissloop_t for winning the 2024 Not-a-Boring Competition!   Dug to victory with a novel extruded tunnel liner.    Thanks and congrats to all teams who participated. Hope to see you again next year!,2024-04,0,4
So many April Foolâ€™s jokes that are actually plausible given the increasingly insane real things happening in the world!,2024-04,0,4
Starlink helps fund humanity getting to Mars,2024-04,0,4
Excited to join @Disney as their Chief DEI Officer.   Canâ€™t wait to work with Bob Iger & Kathleen Kennedy to make their content MORE woke!  Even the linguini.,2024-04,0,4
ğŸ’¯,2024-04,0,4
When you look out the window of the SpaceX Crew Dragon Capsule and see the International Space Station ğŸ¤¯ ğŸ‰  Video by NASA SpaceX Crew 6 member Sultan Al Neyadi.,2024-03,0,3
"~3.5 hours later, Falcon 9 launched 23 @Starlink satellites to low-Earth orbit from pad 40, completing our 260th reflight of an orbital class rocket on the seven-year anniversary of first achieving this feat",2024-03,0,3
"Liftoff of Falcon 9, marking 260 reflights of Falcon boosters since our first one seven years ago today!",2024-03,0,3
"At 5000 tons, Starship is the largest flying object ever made. Thrust is more than double the Saturn V moon rocket.  It is the first spaceship design capable of making life multiplanetary.  Goal of the next mission is to make it through the meteorically extreme heat of reentry.",2024-03,0,3
"SpaceX aiming for 3 launches today! One Eutelsat, which just reached orbit, and 2 @Starlink missions.",2024-03,0,3
It gets particularly interesting when you trace to source documents,2024-03,0,3
Everyone can make calls on ğ• without having to share their phone number.  Go to Settings â¤ Privacy & Safety â¤ Direct Messages  â¤ Enable Audio & Video Calling.,2024-03,0,3
The 2024 Not-a-Boring Competition is heating up...24 hours till the race begins!,2024-03,0,3
History is complicated  https://en.m.wikipedia.org/wiki/First_Council_of_Nicaea,2024-03,0,3
Oh hi youtube ğŸ«¡,2024-03,0,3
Yup,2024-03,0,3
"Only 379,000 births in Italy for 2023, the lowest annual figure since the country's unification in 1861.",2024-03,0,3
"Your subscription go ğ• Premium and Premium+ supports the following:  Free speech.   What you get (based on your subscription tier): - monetization - heightened engagement  - ad-free timeline - a cool checkmark - long video uploads - access to Grok, Articles, other upcoming future features",2024-03,0,3
I see a lot of people complaining about spam in their replies etc.   Iâ€™ve had my settings for notifications set up like this for over a year now and it is SO GOOD.  Hereâ€™s how you do it:   Settings >>Notifications >> Filters >> Quality Filter âœ… >> Muted Notifications  âœ… everything.   Perhaps X should add an option to mute those who donâ€™t subscribe to Premium.,2024-03,0,3
"As always, suggestions for improving Community Notes are much appreciated.   The aspiration of this platform is to be by far the best source of truth on Earth. Nothing will ever be perfect, but we shall strive to be less wrong every day.",2024-03,0,3
Supporting your right to freedom of speech,2024-03,0,3
"Today, ğ• started paying for ads appearing on profiles as well.  Here's a comparison of payouts for some ğ• creators compared to their last payouts. There is a significant boost in their earnings.",2024-03,0,3
Congrats Tesla Team!,2024-03,0,3
Meta was also falsely claiming credit for sales that actually originated from ğ•,2024-03,0,3
,2024-03,0,3
,2024-03,0,3
Should be available on ğ• next week.   Grok 2 should exceed current AI on all metrics. In training now.,2024-03,0,3
The first condition of progress is the removal of censorship. - Durant,2024-03,0,3
"Modern Western civilization has extraordinary empathy compared to its power. This is also arguably its greatest weakness.  With the nuclear bomb, America could have subjugated every nation on Earth with ease. Hitler and Stalin would certainly have done so.  Instead, America helped rebuild Germany and Japan!  There is no historical precedent for a nation with so much power helping, rather than destroying, its defeated enemies.",2024-03,0,3
Many upgrades to ğ• Communities!,2024-03,0,3
Amen,2024-03,0,3
Something is deeply wrong with the justice system,2024-03,2,3
"I favor empathy, but the assumption that empathy will always be reciprocated is false",2024-03,0,3
"Many movies exist about a lone inventor in a garage having a eureka moment, but almost none about manufacturing, so itâ€™s underappreciated by the public.  Compared to the insane pain of reaching high-volume, positive-margin production, prototypes are a piece of cake.",2024-03,0,3
"Why Political Advertisers should choose X?  â€¢ This year, ğ• had 1,000 likes per second, 5 million impressions per minute, and more than 9 billion total engagements on posts covering News & Politics.  â€¢ 84% of US policy and opinion leaders actively engage with voters across ğ•'s diverse user base of over 90 million in the US.  â€¢ 98% of ğ•'s US audience is of voting age.  â€¢ 250 million people use ğ• every day. 550 million people visit the global town square every month.  No other platform can foster this level of engagement at scale like ğ•. ğ• serves as the global town square, where the public gathers to experience their lives in real-time.  via @stenmc",2024-03,0,3
Yup,2024-03,0,3
The Dem Party goal is to import voters,2024-03,0,3
"If you support free speech, get a premium subscription.",2024-03,0,3
Interesting,2024-03,0,3
Thank you. Subscribing is the only way to ensure that major brand advertisers cannot demand censorship of this platform.,2024-03,0,3
ğŸ˜‚,2024-03,0,3
New York taxes citizens and gives the money to illegals,2024-03,0,3
This video speaks for itself,2024-03,0,3
Failure to prosecute crime in New York (and many other US cities) allows violent criminals to assault women at will!  The governor had to call out the national guard just so people could ride the subway.,2024-03,0,3
It should not be acceptable for any company in the gaming industry to be racist & sexist against â€œwhite guysâ€,2024-03,2,3
Send X.com links to friends so that they know whatâ€™s actually going on!,2024-03,0,3
Static fire of a single Raptor engine using the header tanks on Flight 4 Starship,2024-03,0,3
"Ideally, there would be no deaths, but, when they do happen, public perception of frequency should match reality as closely as possible",2024-03,0,3
"Going forward, all ğ• accounts with over 2500 verified subscriber followers will get Premium features for free and accounts with over 5000 will get Premium+ for free",2024-03,0,3
"In reality, legacy media views went down and this platform went up",2024-03,0,3
Wow â€¦,2024-03,0,3
Starlink now in Argentina!,2024-03,0,3
Getting ready for Flight 4 of Starship!  Goal of this mission is for Starship to get through max reentry heating with all systems functioning.,2024-03,0,3
Not cool that she undermined math education in California,2024-03,0,3
Population of Earth: 8 Billion   Global Impressions Last Year on ğ•: 5 Trillion+,2024-03,0,3
"This is an especially important mission. Some chance it may find signs of life in Europa, a moon of Jupiter!",2024-03,0,3
"Community Notes corrects all accounts: Presidents of countries, media, government agencies, advertisers.   No exceptions.  Nothing is perfect, but Notes is the best source of truth on the Internet by far.",2024-03,0,3
"NBC just hired & immediately fired Ronna McDaniel, because the team refused to let even one Republican join them â€“ thatâ€™s how biased they are!",2024-03,1,3
Financial operating systems matter,2024-03,0,3
"Grok has normal mode and fun mode. Tonight, we decided to add an unhinged fun mode. It is next-level ğŸ¤£ğŸ¤£",2024-03,0,3
Nothing more precious than old friends,2024-03,0,3
"Under your supervision, FSD V12.3 can drive your Tesla almost anywhere",2024-03,0,3
,2024-03,0,3
"Politicians are quick to approve policies that favor tenants over landlords.   But these rules donâ€™t just protect tenants, they protect squatters too.   So what do you do when a squatter moves into YOUR home?",2024-03,0,3
This will be a spicy year,2024-03,0,3
"Later this week, Grok will be enabled for all premium subscribers (not just premium+)",2024-03,0,3
"On the other hand, legacy media did actually decline by 20% last year",2024-03,0,3
True,2024-03,0,3
Yes!,2024-03,0,3
The Media Panics As More And More Women Choose To Dump Their Birth Control,2024-03,0,3
"French bill would outlaw gender procedures on kids, calling them ""one of the greatest ethical scandals in the history of medicine"" https://notthebee.com/t1d67 https://notthebee.com/t1d67",2024-03,0,3
Fake news thatâ€™s truer than the â€œrealâ€ news ğŸ˜‚,2024-03,0,3
Found this in my fortune cookie tonight,2024-03,0,3
Falcon 9â€™s first stage has landed on the A Shortfall of Gravitas droneship,2024-03,0,3
Full-duration static fire of all six Raptor engines on Flight 4 Starship,2024-03,0,3
Just when you think reality canâ€™t get more surreal ğŸ¤£ğŸ¤£,2024-03,0,3
This platform will always fight for free speech.,2024-03,0,3
The circle will be complete,2024-03,0,3
,2024-03,0,3
"If in doubt, always listen to @JohnCleese! https://piped.video/HLNhPMQnWu4?si=5cRhjMM0gvvwgZGx",2024-03,0,3
Bye bye ğŸ˜˜,2024-03,0,3
"Everyone, yes everyone, is far right! ğŸ˜‚",2024-03,0,3
In support of your right to speak,2024-03,0,3
fyi,2024-03,0,3
We aim to build the future of brain-computer interfaces. Want to create the future with us?  Apply to openings on our career page: neuralink.com/careers  Apply to join our Patient Registry: neuralink.com/patient-registâ€¦,2024-03,0,3
"Falcon 9 has landed on Just Read the Instructions, completing this booster's 19th mission and the 75th landing on this droneship",2024-03,1,3
Yup,2024-03,0,3
"Yeah, US immigration is completely backwards: trivial to enter illegally and nightmarishly difficult to enter legally!  I strongly support increasing and expediting legal immigration.",2024-03,0,3
Please forward links to ğ• posts to your friends so they know whatâ€™s actually happening.   Some people still believe the legacy media!,2024-03,0,3
Also insane!,2024-03,0,3
This is insane!,2024-03,0,3
Werner Herzog makes a great point  https://piped.video/G_7Ta_4coy4?si=ipR_k9MGjNlNkoEZ,2024-03,0,3
Pin your best content and it will receive far more views,2024-03,0,3
Your home is no longer your home in many states,2024-03,0,3
Ironic,2024-03,0,3
Reality vs perception is very different,2024-03,0,3
ğŸ˜‚ğŸ˜‚,2024-03,0,3
Correct,2024-03,0,3
"Old Twitter gave special preference to â€œrealâ€ journalists, even when they lied",2024-03,0,3
,2024-03,0,3
The @SpaceX Dragon cargo spacecraft soars 262 miles over China as it approaches the station for docking around 7:16am ET.,2024-03,0,3
,2024-03,0,3
$34.5 trillion in debt and increasing at the rate of $3 trillion per year.  And Congress just passed another $1.2 trillion spending bill stuff with pork and earmarks.,2024-03,1,3
"Starbase, Texas, rocket factory",2024-03,0,3
Wow,2024-03,0,3
"A federal judge has upheld a Washington, D.C. law allowing noncitizens, including illegals, to vote in municipal elections.  We went from â€œwhat is a woman?â€ to â€œwhat is an American?â€ in about two years.   Illegals get all the benefits of citizenship with hardly any of the responsibilities.   thenationalpulse.com/2024/03â€¦",2024-03,0,3
Docking confirmed â€“ Dragon has arrived at the @Space_Station!,2024-03,0,3
"Under the hood update: Introducing Topic Models, which improve Community Notesâ€™ ability to identify notes that are helpful to people from different points of view.  Community Notes shows notes that are found helpful by people whoâ€™ve disagreed in their past ratings. Now, it will factor in both whether raters have disagreed in general as well as on the specific topic of the note. This strengthens the algorithmâ€™s ability to find notes that bridge across topics. Weâ€™re initially trialing a small set of Topic Models and will monitor their effectiveness at identifying broadly helpful notes.  As always, code and details are open-source in GitHub, and your feedback helps drive improvements like this one: https://github.com/twitter/communitynotes/commit/82b704c652eac94500f70a19e4f27a5ba842b430",2024-03,0,3
Flight 4 Starship moved to the pad at Starbase for upcoming static fires,2024-03,0,3
"Today's cover: Over 100 migrants break through razor wire, knock down guards as they illegally cross El Paso border in wild scene https://trib.al/CgoyDoh",2024-03,0,3
BIDEN ADMIN TARGETS ELON IN SEC DISPUTE  The Biden administration urged the Supreme Court to deny Elon's appeal in his clash with the SEC over a 2018 Tesla tweet.   Elon is fighting for free speech; but the government says the move aims to curb misinformation.   Source: Reuters,2024-03,1,3
"Pin your best content to your profile. It will get a boost and appear in the ""For You"" feed of all your followers.",2024-03,0,3
Hear about Neuralink from someone who has our Telepathy cybertech implant!,2024-03,0,3
"First ever post made just by thinking, using the @Neuralnk Telepathy device!",2024-03,0,3
We all have our demons to fight,2024-03,0,3
True,2024-03,0,3
Falcon 9 launches Dragon to the @Space_Station from pad 40 in Florida,2024-03,0,3
This feature is great,2024-03,0,3
ğ• Traffic Update   The organic traffic for March is already up by 5.09% and is at 642 million ğŸ‡ºğŸ‡¸,2024-03,0,3
Some Falcon landing shots,2024-03,0,3
ğ• is adding new filters to the job search!  via @nima_owji,2024-03,0,3
Wow,2024-03,0,3
They are,2024-03,0,3
Squatters Can Now Come In And Steal Your Home With No Consequences,2024-03,0,3
"When sending medical advice, ask your doctor, but also ask an experienced nurse.   Nurses are underrated.",2024-03,0,3
"Reality has become more bizarre than parody!  Also, employment discrimination is illegal, so they are breaking the law.",2024-03,0,3
"And, although it shouldnâ€™t need to said, I believe in the Constitution and freedom of speech",2024-03,0,3
This is a battle to the death with the anti-civilizational woke mind virus.   My positions are centrist: - Secure borders  - Safe & clean cities - Donâ€™t bankrupt America with spending - Racism against any race is wrong - No sterilization below age of consent   Is this right-wing?,2024-03,2,3
ğŸ¯,2024-03,0,3
Google is deeply infected with the woke mind virus,2024-03,0,3
The New York Times is pure propaganda,2024-03,0,3
How committed is the Biden administration to an open border? It took the Supreme Court overruling White House objections to allow Texas to enforce immigration law.,2024-03,0,3
ğ• in numbers!  ğŸš€,2024-03,0,3
Livestream of @Neuralink demonstrating â€œTelepathyâ€ â€“ controlling a computer and playing video games just by thinking,2024-03,0,3
"Right now, the Supreme Court is hearing a big free speech case: https://www.supremecourt.gov/oral_arguments/live.aspx  A lower court ruled that the Biden admin violated the 1st Amendment, as it pressured companies to censor news about Hunter's laptop, Covid, and more.  TRUE things were censored, like:",2024-03,0,3
,2024-03,0,3
Teams test the new emergency chutes from the pad 40 crew tower in Florida,2024-03,0,3
Dragon is now operational on 2 launchpads!,2024-03,0,3
ğŸŠ is the new ğŸ‹,2024-03,0,3
.@steveaoki just received his Cybertruck,2024-03,0,3
"BREAKING: ğ• has paid more than $45 million to over 150,000 creators on the platform.",2024-03,1,3
"As always, I say this as an immigrant who is proud to have become a citizen and who supports expanded and expedited *legal* immigration",2024-03,0,3
"Crazy that Texas has to do the job of the Biden administration, which filed aggressive legal action to stop the state!  If anyone still doesnâ€™t believe that ushering in illegals is the goal of the Biden administration, this should convince them.",2024-03,0,3
"Most reasonable people, because they are reasonable, cannot believe that the goal of the far left is to end America",2024-03,0,3
ğŸ’¯,2024-03,0,3
â€œPolitical refugeeâ€,2024-03,0,3
Troubling,2024-03,0,3
Misplaced empathy causes great harm,2024-03,0,3
Andi Lynn Blair.  Her life was cut short by #BidensBorderBloodbath,2024-03,0,3
".@ElonMusk Issues Emotional Statement in the Final Minutes of Don Lemon Interview  â€œIf I died knowing that I did what was right, or did my best to do what was right, and even if in the history books they said I did wrong, I would still feel okay about that. I care about the reality of goodness, not the perception of it.â€  â€œWe want to make sure that we donâ€™t have, for example, demographic collapse, which is the case in a lot of countries â€” just very low birth rate. We want to avoid, obviously avoid, World War 3. Anything that is a civilizational risk. That is what I care about. Civilizational risks.â€",2024-03,0,3
An example of why it is so important to preserve freedom of speech,2024-03,0,3
This is actually happening!,2024-03,0,3
It is concerning that the legacy press would lie so blatantly,2024-03,0,3
Falcon 9 launches @Starlink satellites to orbit from California,2024-03,0,3
,2024-03,0,3
Interesting,2024-03,0,3
"LIVE: @elonmusk talks about restoring free speech with X  ""There's a reason we have the First Amendment.   Why does it exist?  It exists because people came from countries where they could not speak freely. Where if they did speak their mind, they would be imprisoned or killed.""",2024-03,0,3
"The media is broken  Tribalism and censorship rule  On ğ•, let us be different  Support good faith arguments, and problem solvers  Let the insincere empathy farmers starve for attention",2024-03,0,3
Liftoff!,2024-03,0,3
Discussion about free speech,2024-03,0,3
Hearing news from actual experts or people on the ground is way better than having it be filtered through non-experts (media) or people who werenâ€™t actually there,2024-03,0,3
Discussing freedom of speech,2024-03,0,3
"With rare exception, almost the entire legacy media industry is a politically far left cheering squad",2024-03,0,3
Nothing is clearer in history than the adoption by successful rebels of the methods they were accustomed to condemn in the forces they deposed.  â€” Will and Ariel Durant,2024-03,0,3
,2024-03,0,3
BIDENâ€™s BORDER BLOODBATH  #BidensBorderBloodbath  Pass it on!,2024-03,0,3
"X has over 8 billion daily active user minutes on average so far in 2024, up 10% from last year.",2024-03,0,3
Latest platform user data!,2024-03,0,3
We have imported the criminal underworlds of 100 different countries,2024-03,0,3
And the Biden Administration does nothing,2024-03,0,3
This is important,2024-03,0,3
Sounds very biased,2024-03,0,3
"#14 What were these classifiers?  Here's a leaked document, ""Fringe ranking/classifier.""  Google ranked ABC, CBS, and CNN as more â€œauthoritativeâ€ than the â€œtrashyâ€ Fox News and Breitbart.  This is how Big Tech manually interjects political bias into search results and algorithms.",2023-01,1,1
This article understates the magnitude of the problem â€“ Google interferes to help Democrats thousands of times every election season!  This is to be expected when their censorship (aka â€œTrust & Safetyâ€) teams are have far left political views.,2024-03,0,3
grok-1 is out!  come do your life's work @ xAI - x.ai/careers,2024-03,0,3
"Over time the newspapers have been fading away in relevance.   Not gone, just as writing and mailing paper letters still happens, but no longer the way most people know whatâ€™s going on.",2024-03,1,3
Metaphor murderers,2024-03,0,3
Elon Musk talked about T.I.T.S and A.S.S on ğ•-Space ğŸ¤£,2024-03,0,3
,2024-03,0,3
Please sign up to rate & contribute Community Notes to increase accuracy on ğ•!,2024-03,0,3
"Still work to do, but this platform is already by far the most transparent & truth-seeking (not a high bar tbh)",2024-03,1,3
â–‘Wâ–‘Eâ–‘Iâ–‘Gâ–‘Hâ–‘Tâ–‘Sâ–‘Iâ–‘Nâ–‘Bâ–‘Iâ–‘Oâ–‘,2024-03,0,3
Many Americans still have no idea this happened,2024-03,0,3
Yeah,2024-03,0,3
!!,2024-03,0,3
How to share a post with people outside this platform,2024-03,1,3
,2024-03,0,3
Please send links from this platform to your friends who are still being misled by the legacy media!,2024-03,0,3
Speech with full context,2024-03,0,3
Legacy media lies,2024-03,0,3
Easy to tell who is an NPC today,2024-03,0,3
